target,structure_id,structure_name,clinical_image,schematic,model,offline_partial_lead
Glenohumeral anterior target,injection.glenohumeral_anterior_target.humeral_head_cartilage,Humeral head cartilage,missing,missing,missing,
Glenohumeral anterior target,injection.glenohumeral_anterior_target.anterior_capsule_and_recess,Anterior capsule and recess,missing,missing,missing,
Glenohumeral anterior target,injection.glenohumeral_anterior_target.coracoid_landmark,Coracoid landmark,missing,missing,missing,
Glenohumeral anterior target,injection.glenohumeral_anterior_target.subscapularis_tendon,Subscapularis tendon,missing,missing,missing,
Glenohumeral anterior target,injection.glenohumeral_anterior_target.long_head_biceps_tendon,Long-head biceps tendon,missing,missing,missing,
Glenohumeral posterior target,injection.glenohumeral_posterior_target.posterior_humeral_cartilage,Posterior humeral cartilage,missing,missing,missing,
Glenohumeral posterior target,injection.glenohumeral_posterior_target.posterior_glenoid_labrum,Posterior glenoid labrum,missing,missing,missing,
Glenohumeral posterior target,injection.glenohumeral_posterior_target.posterior_capsule,Posterior capsule,missing,missing,missing,
Glenohumeral posterior target,injection.glenohumeral_posterior_target.infraspinatus_tendon,Infraspinatus tendon,missing,missing,missing,
Subacromial-subdeltoid bursal target,injection.subacromial_subdeltoid_bursal_target.bursal_leaves,Bursal leaves,missing,missing,missing,
Subacromial-subdeltoid bursal target,injection.subacromial_subdeltoid_bursal_target.deltoid_deep_fascia,Deltoid deep fascia,missing,missing,missing,
Subacromial-subdeltoid bursal target,injection.subacromial_subdeltoid_bursal_target.supraspinatus_surface,Supraspinatus surface,missing,missing,missing,
Subacromial-subdeltoid bursal target,injection.subacromial_subdeltoid_bursal_target.acromion,Acromion,missing,missing,missing,
Elbow radiocapitellar target,injection.elbow_radiocapitellar_target.radial_head,Radial head,missing,missing,missing,Patel Figure 8
Elbow radiocapitellar target,injection.elbow_radiocapitellar_target.capitellum,Capitellum,missing,missing,missing,Patel Figure 8
Elbow radiocapitellar target,injection.elbow_radiocapitellar_target.radiocapitellar_recess,Radiocapitellar recess,missing,missing,missing,
Elbow radiocapitellar target,injection.elbow_radiocapitellar_target.lateral_capsule,Lateral capsule,missing,missing,missing,
Radiocarpal target,injection.radiocarpal_target.distal_radial_surface,Distal radial surface,missing,missing,missing,Patel Figure 10
Radiocarpal target,injection.radiocarpal_target.scaphoid,Scaphoid,missing,missing,missing,Patel Figure 10
Radiocarpal target,injection.radiocarpal_target.dorsal_capsule,Dorsal capsule,missing,missing,missing,
Radiocarpal target,injection.radiocarpal_target.extensor_tendon_relationship,Extensor tendon relationship,missing,missing,missing,
Distal radioulnar target,injection.distal_radioulnar_target.ulnar_head,Ulnar head,missing,missing,missing,
Distal radioulnar target,injection.distal_radioulnar_target.sigmoid_notch,Sigmoid notch,missing,missing,missing,
Distal radioulnar target,injection.distal_radioulnar_target.dorsal_capsule,Dorsal capsule,missing,missing,missing,
Distal radioulnar target,injection.distal_radioulnar_target.extensor_carpi_ulnaris_relationship,Extensor carpi ulnaris relationship,missing,missing,missing,
Carpal and digital joint target,injection.carpal_and_digital_joint_target.each_named_carpal_or_digital_joint,Each named carpal or digital joint,missing,missing,missing,
Carpal and digital joint target,injection.carpal_and_digital_joint_target.dorsal_recess,Dorsal recess,missing,missing,missing,
Carpal and digital joint target,injection.carpal_and_digital_joint_target.overlying_extensor_tendon,Overlying extensor tendon,missing,missing,missing,
Carpal and digital joint target,injection.carpal_and_digital_joint_target.adjacent_collateral_ligaments,Adjacent collateral ligaments,missing,missing,missing,
Sacroiliac target,injection.sacroiliac_target.sacral_cortex,Sacral cortex,missing,missing,missing,
Sacroiliac target,injection.sacroiliac_target.iliac_cortex,Iliac cortex,missing,missing,missing,
Sacroiliac target,injection.sacroiliac_target.posterior_joint_cleft,Posterior joint cleft,missing,missing,missing,
Sacroiliac target,injection.sacroiliac_target.sacral_crests,Sacral crests,missing,missing,missing,
Sacroiliac target,injection.sacroiliac_target.posterior_sacral_foramina,Posterior sacral foramina,missing,missing,missing,
Hip anterior recess target,injection.hip_anterior_recess_target.femoral_head_neck_junction,Femoral head-neck junction,missing,missing,missing,
Hip anterior recess target,injection.hip_anterior_recess_target.anterior_capsule,Anterior capsule,missing,missing,missing,
Hip anterior recess target,injection.hip_anterior_recess_target.iliopsoas_tendon_and_bursa,Iliopsoas tendon and bursa,missing,missing,missing,
Hip anterior recess target,injection.hip_anterior_recess_target.femoral_neurovascular_bundle,Femoral neurovascular bundle,missing,missing,missing,
Knee intra-articular target,injection.knee_intra_articular_target.patella,Patella,missing,missing,missing,
Knee intra-articular target,injection.knee_intra_articular_target.femoral_articular_surface,Femoral articular surface,missing,missing,missing,
Knee intra-articular target,injection.knee_intra_articular_target.joint_recess_actually_accessed,Joint recess actually accessed,missing,missing,missing,
Knee intra-articular target,injection.knee_intra_articular_target.quadriceps_tendon,Quadriceps tendon,missing,missing,missing,
Knee intra-articular target,injection.knee_intra_articular_target.capsule,Capsule,missing,missing,missing,
Tibiotalar target,injection.tibiotalar_target.anterior_tibial_lip,Anterior tibial lip,missing,missing,missing,
Tibiotalar target,injection.tibiotalar_target.talar_dome,Talar dome,missing,missing,missing,
Tibiotalar target,injection.tibiotalar_target.anterior_recess,Anterior recess,missing,missing,missing,
Tibiotalar target,injection.tibiotalar_target.anterior_tendons,Anterior tendons,missing,missing,missing,
Tibiotalar target,injection.tibiotalar_target.dorsalis_pedis_anterior_tibial_neurovascular_structures,Dorsalis pedis/anterior tibial neurovascular structures,missing,missing,missing,
Posterior subtalar target,injection.posterior_subtalar_target.talus_posterior_facet,Talus posterior facet,missing,missing,missing,
Posterior subtalar target,injection.posterior_subtalar_target.calcaneus_posterior_facet,Calcaneus posterior facet,missing,missing,missing,
Posterior subtalar target,injection.posterior_subtalar_target.posterior_subtalar_recess,Posterior subtalar recess,missing,missing,missing,
Posterior subtalar target,injection.posterior_subtalar_target.fibular_tendons,Fibular tendons,missing,missing,missing,
Posterior subtalar target,injection.posterior_subtalar_target.sural_neurovascular_relationship,Sural neurovascular relationship,missing,missing,missing,
Sinus tarsi target,injection.sinus_tarsi_target.talus,Talus,missing,missing,missing,
Sinus tarsi target,injection.sinus_tarsi_target.calcaneus,Calcaneus,missing,missing,missing,
Sinus tarsi target,injection.sinus_tarsi_target.sinus_tarsi_boundaries,Sinus tarsi boundaries,missing,missing,missing,
Sinus tarsi target,injection.sinus_tarsi_target.cervical_and_interosseous_talocalcaneal_ligaments,Cervical and interosseous talocalcaneal ligaments,missing,missing,missing,
Skin access site,injection.skin_access_site.named_structure,Named structure,missing,missing,missing,
Skin access site,injection.skin_access_site.relationship_to_the_selected_access_corridor,Relationship to the selected access corridor,missing,missing,missing,
Subcutaneous access tissues,injection.subcutaneous_access_tissues.named_structure,Named structure,missing,missing,missing,
Subcutaneous access tissues,injection.subcutaneous_access_tissues.relationship_to_the_selected_access_corridor,Relationship to the selected access corridor,missing,missing,missing,
Named access-route tendon,injection.named_access_route_tendon.named_structure,Named structure,missing,missing,missing,
Named access-route tendon,injection.named_access_route_tendon.relationship_to_the_selected_access_corridor,Relationship to the selected access corridor,missing,missing,missing,
Named access-route nerve,injection.named_access_route_nerve.named_structure,Named structure,missing,missing,missing,
Named access-route nerve,injection.named_access_route_nerve.relationship_to_the_selected_access_corridor,Relationship to the selected access corridor,missing,missing,missing,
Named access-route artery,injection.named_access_route_artery.named_structure,Named structure,missing,missing,missing,
Named access-route artery,injection.named_access_route_artery.relationship_to_the_selected_access_corridor,Relationship to the selected access corridor,missing,missing,missing,
Named access-route vein,injection.named_access_route_vein.named_structure,Named structure,missing,missing,missing,
Named access-route vein,injection.named_access_route_vein.relationship_to_the_selected_access_corridor,Relationship to the selected access corridor,missing,missing,missing,
Needle and tip,injection.needle_and_tip.needle_shaft,Needle shaft,missing,missing,missing,
Needle and tip,injection.needle_and_tip.needle_tip,Needle tip,missing,missing,missing,
Needle and tip,injection.needle_and_tip.target_compartment_boundary,Target compartment boundary,missing,missing,missing,
Target fluid compartment,injection.target_fluid_compartment.pre_existing_fluid,Pre-existing fluid,missing,missing,missing,
Target fluid compartment,injection.target_fluid_compartment.observed_distension_or_aspirated_space,Observed distension or aspirated space,missing,missing,missing,
Target fluid compartment,injection.target_fluid_compartment.adjacent_capsule_or_bursal_wall,Adjacent capsule or bursal wall,missing,missing,missing,
